Pertanyaan,Jawaban,Intent
apa peran penting indonesia dalam pembentukan asean,"Indonesia memainkan peran penting sebagai inisiator awal, merumuskan prinsip-prinsip ASEAN, dan menjadi salah satu negara pendiri serta anggota aktif dalam organisasi tersebut",apa peran penting indonesia dalam pembentukan asean
apa yang menjadi keuntungan utama bagi negaranegara anggota asean dalam kerjasama regional,"Keuntungan utama bagi negara-negara anggota ASEAN dalam kerjasama regional adalah meningkatkan daya tawar kolektif dalam perdagangan, diplomasi, serta kerjasama ekonomi, politik, dan keamanan di kawasan Asia Tenggara.",apa yang menjadi keuntungan utama bagi negaranegara anggota asean dalam kerjasama regional
apa manfaat utama kerjasama regional bagi negaranegara anggota asean,"Manfaat utama kerjasama regional bagi negara-negara anggota ASEAN adalah meningkatkan kekuatan kolektif dalam perdagangan, diplomasi, serta kerjasama ekonomi, politik, dan keamanan di kawasan Asia Tenggara.",apa manfaat utama kerjasama regional bagi negaranegara anggota asean
apa manfaat utama kerjasama regional bagi negaranegara anggota asean,"Meningkatkan kekuatan kolektif dalam perdagangan, diplomasi, serta kerjasama ekonomi, politik, dan keamanan di Asia Tenggara.",apa manfaat utama kerjasama regional bagi negaranegara anggota asean
apa yang menjadi keunggulan asean dalam hubungan internasional,"Keunggulan ASEAN dalam hubungan internasional adalah kemampuannya untuk menjaga stabilitas politik, memperkuat kerjasama ekonomi, serta memfasilitasi dialog dan kerjasama antara negara-negara di Asia Tenggara dan di luar kawasan.",apa yang menjadi keunggulan asean dalam hubungan internasional
apa keunggulan asean dalam hubungan internasional,"Menjaga stabilitas politik, memperkuat kerjasama ekonomi, dan memfasilitasi dialog antar negara di Asia Tenggara dan di luar kawasan.",apa keunggulan asean dalam hubungan internasional
apa peran utama asean dalam menangani konflik maritim di laut china selatan,ASEAN berperan sebagai mediator dalam menfasilitasi dialog antara negara-negara yang terlibat dan mendorong pembentukan kerangka kerja hukum yang dapat mengatur sengketa.,apa peran utama asean dalam menangani konflik maritim di laut china selatan
bagaimana peran asean dalam menangani konflik maritim di laut china selatan,ASEAN berperan sebagai mediator dan mendorong dialog antara negara-negara yang terlibat untuk mencapai solusi yang damai dan berkelanjutan.,bagaimana peran asean dalam menangani konflik maritim di laut china selatan
bagaimana peran asean dalam menyelesaikan sengketa maritim di laut china selatan,ASEAN berfungsi sebagai mediator dan memfasilitasi dialog antara negara-negara yang terlibat untuk mencapai penyelesaian yang damai dan berkelanjutan.,bagaimana peran asean dalam menyelesaikan sengketa maritim di laut china selatan
apa perbedaan utama antara asean regional forum arf dan asean defence ministers meeting plus admmplus,"Perbedaan utama antara ARF dan ADMM-Plus adalah ARF adalah forum dialog multilateral yang mencakup masalah keamanan dan politik di kawasan Asia Tenggara, sementara ADMM-Plus adalah forum kerjasama pertahanan yang melibatkan ASEAN dan delapan mitra dialognya di luar kawasan.",apa perbedaan utama antara asean regional forum arf dan asean defence ministers meeting plus admmplus
apa perbedaan utama antara asean regional forum arf dan asean defence ministers meeting plus admmplus dalam konteks kerjasama regional di asia tenggara,"Perbedaan utama antara ASEAN Regional Forum (ARF) dan ASEAN Defence Ministers' Meeting Plus (ADMM-Plus) adalah ARF adalah forum dialog multilateral yang membahas isu keamanan dan politik di kawasan Asia Tenggara, sedangkan ADMM-Plus adalah forum kerjasama pertahanan yang melibatkan ASEAN dan delapan negara mitra dialognya di luar kawasan.",apa perbedaan utama antara asean regional forum arf dan asean defence ministers meeting plus admmplus dalam konteks kerjasama regional di asia tenggara
apa perbedaan utama antara asean regional forum arf dan asean defence ministers meeting plus admmplus,"Perbedaan utama adalah ARF adalah forum dialog multilateral tentang keamanan dan politik, sedangkan ADMM-Plus adalah forum kerjasama pertahanan yang melibatkan ASEAN dan mitra dialognya di luar kawasan.",apa perbedaan utama antara asean regional forum arf dan asean defence ministers meeting plus admmplus
apa persamaan dan perbedaan antara asean economic community aec dan asean sociocultural community ascc,"Persamaannya adalah keduanya merupakan salah satu pilar dari Komunitas ASEAN, sedangkan perbedaannya terletak pada fokusnya: AEC berfokus pada integrasi ekonomi dan perdagangan, sedangkan ASCC berfokus pada integrasi sosial dan budaya.",apa persamaan dan perbedaan antara asean economic community aec dan asean sociocultural community ascc
siapakah pemimpin asean yang memainkan peran penting dalam mengadvokasi kebijakan lingkungan yang berkelanjutan,Pemimpin ASEAN yang memainkan peran penting dalam mengadvokasi kebijakan lingkungan yang berkelanjutan adalah Singapura.,siapakah pemimpin asean yang memainkan peran penting dalam mengadvokasi kebijakan lingkungan yang berkelanjutan
siapakah pemimpin asean yang berperan penting dalam memperjuangkan kebijakan lingkungan yang berkelanjutan,Pemimpin ASEAN yang berperan penting dalam memperjuangkan kebijakan lingkungan yang berkelanjutan adalah Singapura.,siapakah pemimpin asean yang berperan penting dalam memperjuangkan kebijakan lingkungan yang berkelanjutan
siapakah yang menjadi ketua asean saat ini per 2024,Ketua ASEAN saat ini (per 2024) adalah dari negara Thailand.,siapakah yang menjadi ketua asean saat ini per 2024
siapakah yang menjabat sebagai ketua asean pada tahun 2024,Ketua ASEAN pada tahun 2024 adalah dari negara Thailand.,siapakah yang menjabat sebagai ketua asean pada tahun 2024
apa yang dimaksud dengan asean tourism forum atf dan apa tujuan utamanya,"""ASEAN Tourism Forum"" (ATF) adalah pertemuan tahunan yang dihadiri oleh para pemangku kepentingan industri pariwisata di kawasan ASEAN. Tujuan utamanya adalah untuk ",apa yang dimaksud dengan asean tourism forum atf dan apa tujuan utamanya
apa yang dimaksud dengan singkatan atf dalam konteks asean dan apa tujuan utamanya,"Singkatan ""ATF"" dalam konteks ASEAN merujuk kepada ""ASEAN Tourism Forum"". Tujuan utama dari ASEAN Tourism Forum (ATF) adalah untuk memfasilitasi kerjasama antara negara-negara anggota ASEAN dalam mempromosikan pariwisata di kawasan ASEAN serta meningkatkan kerjasama industri pariwisata di tingkat regional.",apa yang dimaksud dengan singkatan atf dalam konteks asean dan apa tujuan utamanya
apa tujuan pembentukan aseean,"Tujuan pembentukan ASEAN adalah untuk meningkatkan kerjasama ekonomi, 
sosial, budaya, dan politik antara negara-negara di kawasan Asia Tenggara",apa tujuan pembentukan aseean
mengapa asean dibentuk,"Tujuan pembentukan ASEAN adalah untuk meningkatkan kerjasama ekonomi, 
sosial, budaya, dan politik antara negara-negara di kawasan Asia Tenggara",mengapa asean dibentuk
"apa nama negara yang menjadi anggota 
asean tetapi bukan merupakan bagian dari asia",Singapura,"apa nama negara yang menjadi anggota 
asean tetapi bukan merupakan bagian dari asia"
negara mana yang menjadi anggota asean meskipun tidak terletak di wilayah asia,Negara yang menjadi anggota ASEAN meskipun tidak terletak di wilayah Asia adalah Timor Leste,negara mana yang menjadi anggota asean meskipun tidak terletak di wilayah asia
kapan asean didirikan,ASEAN dibangun pada tanggal 8 Agustus 1967.,kapan asean didirikan
kapan organisasi asean didirikan,Organisasi ASEAN didirikan pada tanggal 8 Agustus 1967.,kapan organisasi asean didirikan
apa kepanjangan dari asean,"ASEAN adalah ""Association of Southeast Asian Nations"".",apa kepanjangan dari asean
asean merupakan kepanjangan dari apa,"ASEAN adalah ""Association of Southeast Asian Nations"".",asean merupakan kepanjangan dari apa
 jumlah negara anggota asean pada tahun 2024,"Pada tahun 2024, jumlah negara anggota ASEAN adalah 10.", jumlah negara anggota asean pada tahun 2024
berapa jumlah negara anggota asean pada tahun 2024,"Pada tahun 2024, jumlah negara anggota ASEAN adalah sepuluh.",berapa jumlah negara anggota asean pada tahun 2024
apa nama perjanjian yang mendirikan asean,"""Bangkok Declaration"" atau ""Deklarasi Bangkok"".",apa nama perjanjian yang mendirikan asean
apakah nama perjanjian yang membentuk asean,Perjanjian yang membentuk ASEAN dikenal sebagai Deklarasi Bangkok.,apakah nama perjanjian yang membentuk asean
di mana markas besar sekretariat asean berada,"berada di Jakarta, Indonesia.",di mana markas besar sekretariat asean berada
dimana lokasi markas besar sekretariat asean,"berada di Jakarta, Indonesia.",dimana lokasi markas besar sekretariat asean
negara asean  yang terletak di kepulauan kalimantan, Indonesia.,negara asean  yang terletak di kepulauan kalimantan
negara mana di asean yang memiliki wilayah di pulau kalimantan,Negara ASEAN yang memiliki wilayah di Pulau Kalimantan adalah Brunei Darussalam (bagian dari pulau tersebut).,negara mana di asean yang memiliki wilayah di pulau kalimantan
"negara asean mana yang terletak di semenanjung indochina dan berbatasan 
dengan laos dan kamboja",Negara ASEAN yang terkenal dengan pulau-pulau cantiknya seperti Boracay dan Palawan adalah?,"negara asean mana yang terletak di semenanjung indochina dan berbatasan 
dengan laos dan kamboja"
negara mana di asean yang terletak di semenanjung indochina dan berbatasan dengan laos dan kamboja,Negara ASEAN yang terletak di Semenanjung Indochina dan berbatasan dengan Laos dan Kamboja adalah Vietnam.,negara mana di asean yang terletak di semenanjung indochina dan berbatasan dengan laos dan kamboja
"negara asean yang memiliki wilayahnya terbentang di dua benua yaitu asia 
dan eropa adalah","yaitu Asia dan Eropa, adalah Turki (sebagai negara mitra dialog ASEAN).","negara asean yang memiliki wilayahnya terbentang di dua benua yaitu asia 
dan eropa adalah"
yang termasuk rencana kerja strategis masyarakat ekonomi asean adalah,menuju suatu kawasan dengan pembangunan ekonomi yang merata,yang termasuk rencana kerja strategis masyarakat ekonomi asean adalah
apa yang termasuk dalam rencana kerja strategis masyarakat ekonomi asean,"Dalam rencana kerja strategis Masyarakat Ekonomi ASEAN, termasuk upaya untuk mencapai integrasi ekonomi yang lebih dalam, mengurangi hambatan perdagangan, memperkuat kerjasama ekonomi, dan meningkatkan daya saing di tingkat regional dan global.",apa yang termasuk dalam rencana kerja strategis masyarakat ekonomi asean
"kerja sama yang diadakan para menteri pada pertemuan asean defence
 ministers meeting admm membahas bidang",Politik,"kerja sama yang diadakan para menteri pada pertemuan asean defence
 ministers meeting admm membahas bidang"
bidang apa yang dibahas oleh para menteri pada pertemuan asean defence ministers meeting admm,"Pada pertemuan ASEAN Defence Ministers Meeting (ADMM), para menteri membahas bidang pertahanan.",bidang apa yang dibahas oleh para menteri pada pertemuan asean defence ministers meeting admm
berikut ini adalah wakil pendiri asean dari negara indonesia adalah ,Adam Malik,berikut ini adalah wakil pendiri asean dari negara indonesia adalah 
siapa wakil pendiri asean yang berasal dari indonesia,Adam Malik,siapa wakil pendiri asean yang berasal dari indonesia
yang merupakan ibu kota negara malaysia adalah ,Kuala Lumpur,yang merupakan ibu kota negara malaysia adalah 
ibu kota negara malaysia adalah yang mana,Ibu kota negara Malaysia adalah Kuala Lumpur.,ibu kota negara malaysia adalah yang mana
"siapakah presiden indonesia yang memainkan peran penting dalam 
pembentukan asean",Soekarno.,"siapakah presiden indonesia yang memainkan peran penting dalam 
pembentukan asean"
presiden indonesia mana yang memainkan peran penting dalam pembentukan asean,Presiden Indonesia yang memainkan peran penting dalam pembentukan ASEAN adalah Soekarno.,presiden indonesia mana yang memainkan peran penting dalam pembentukan asean
siapakah presiden indonesia yang memainkan peran kunci dalam pembentukan asean,Presiden Indonesia yang memainkan peran kunci dalam pembentukan ASEAN adalah Soekarno.,siapakah presiden indonesia yang memainkan peran kunci dalam pembentukan asean
berapa jumlah negara anggota asean pada saat pembentukannya,"5 negara yaitu Indonesia, Malaysia, Filipina, Singapura, dan Thailand.",berapa jumlah negara anggota asean pada saat pembentukannya
berapa jumlah negara yang menjadi anggota asean pada saat organisasi ini dibentuk,"Pada saat pembentukan ASEAN, jumlah negara anggota yang bergabung adalah lima.",berapa jumlah negara yang menjadi anggota asean pada saat organisasi ini dibentuk
berapa jumlah negara anggota asean saat organisasi ini didirikan,"Pada saat organisasi ini didirikan, jumlah negara anggota ASEAN adalah lima.",berapa jumlah negara anggota asean saat organisasi ini didirikan
siapakah sekretaris jenderal asean saat ini per 2022,Sekretaris Jenderal ASEAN saat ini (per 2022) adalah Dato Lim Jock Hoi dari Brunei Darussalam.,siapakah sekretaris jenderal asean saat ini per 2022
siapakah yang menjabat sebagai sekretaris jenderal asean pada tahun 2022,Sekretaris Jenderal ASEAN pada tahun 2022 adalah Dato Lim Jock Hoi dari Brunei Darussalam.,siapakah yang menjabat sebagai sekretaris jenderal asean pada tahun 2022
"apa peran asean charter dalam meningkatkan kerjasama di antara 
negaranegara anggota asean","""ASEAN Charter"" adalah dokumen yang memberikan landasan konstitusional untuk ASEAN, menegaskan
 prinsip-prinsip,tujuan, dan nilai-nilai organisasi. Perannya adalah untuk memperkuat struktur dan fungsi 
ASEAN serta 
meningkatkan efektivitas kerjasama di antara negara-negara anggot","apa peran asean charter dalam meningkatkan kerjasama di antara 
negaranegara anggota asean"
bagaimana asean charter berperan dalam meningkatkan kerjasama di antara negaranegara anggota asean,"""ASEAN Charter"" berperan dalam meningkatkan kerjasama di antara negara-negara anggota ASEAN dengan memberikan landasan konstitusional yang kuat bagi organisasi, memperjelas tujuan, prinsip, dan nilai-nilai ASEAN, serta memperkuat struktur dan fungsi ASEAN.",bagaimana asean charter berperan dalam meningkatkan kerjasama di antara negaranegara anggota asean
"siapa yang dianggap sebagai bapak asean karena perannya yang 
signifikan dalam pembentukan dan perkembangan organisasi tersebut","Lee Kuan Yew, mantan Perdana Menteri Singapura, dianggap sebagai ""Bapak ASEAN"" ","siapa yang dianggap sebagai bapak asean karena perannya yang 
signifikan dalam pembentukan dan perkembangan organisasi tersebut"
tokoh mana yang dihormati sebagai bapak asean karena peran pentingnya dalam pembentukan dan perkembangan organisasi tersebut,"Lee Kuan Yew, mantan Perdana Menteri Singapura, dihormati sebagai ""Bapak ASEAN"" karena perannya yang signifikan dalam pembentukan dan perkembangan organisasi tersebut.",tokoh mana yang dihormati sebagai bapak asean karena peran pentingnya dalam pembentukan dan perkembangan organisasi tersebut
"apa yang dimaksud dengan asean politicalsecurity community apsc dan 
bagaimana peranannya dalam menjaga stabilitas politik dan keamanan di kawasan 
asia tenggara","ASEAN Political-Security Community"" (APSC) adalah salah satu dari tiga pilar ASEAN yang bertujuan untuk 
menciptakan kawasan yang bebas dari konflik dan ancaman keamanan serta mempromosikan perdamaian, 
stabilitas, dan kerjasama di Asia Tenggara.","apa yang dimaksud dengan asean politicalsecurity community apsc dan 
bagaimana peranannya dalam menjaga stabilitas politik dan keamanan di kawasan 
asia tenggara"
fungsi apa yang dimiliki oleh asean politicalsecurity community apsc dalam menjaga stabilitas politik dan keamanan di kawasan asia tenggara,"""ASEAN Political-Security Community"" (APSC) memiliki fungsi untuk menjaga stabilitas politik dan keamanan di kawasan Asia Tenggara melalui promosi perdamaian, kerjasama keamanan, dan penyelesaian konflik yang berkelanjutan di antara negara-negara anggota ASEAN.",fungsi apa yang dimiliki oleh asean politicalsecurity community apsc dalam menjaga stabilitas politik dan keamanan di kawasan asia tenggara
"sebutkan dua negara anggota asean yang memiliki sengketa teritorial dengan 
tiongkok terkait laut china selatan","Filipina dan Vietnam adalah dua negara anggota ASEAN yang memiliki sengketa teritorial dengan Tiongkok
terkait Laut China Selatan.","sebutkan dua negara anggota asean yang memiliki sengketa teritorial dengan 
tiongkok terkait laut china selatan"
negaranegara manakah di asean yang memiliki sengketa teritorial dengan tiongkok terkait laut china selatan,Dua negara anggota ASEAN yang memiliki sengketa teritorial dengan Tiongkok terkait Laut China Selatan adalah Filipina dan Vietnam.,negaranegara manakah di asean yang memiliki sengketa teritorial dengan tiongkok terkait laut china selatan
"apa yang menjadi salah satu tantangan utama dalam mewujudkan visi asean 
economic community aec","Salah satu tantangan utama dalam mewujudkan visi ""ASEAN Economic Community"" (AEC) adalah 
kesenjangan pembangunan ekonomi antara negara-negara anggota ASEAN.","apa yang menjadi salah satu tantangan utama dalam mewujudkan visi asean 
economic community aec"
apa tantangan utama yang dihadapi dalam mewujudkan visi asean economic community aec,"Salah satu tantangan utama yang dihadapi dalam mewujudkan visi ""ASEAN Economic Community"" (AEC) adalah kesenjangan pembangunan ekonomi antara negara-negara anggota ASEAN.",apa tantangan utama yang dihadapi dalam mewujudkan visi asean economic community aec
"sebutkan dua negara anggota asean yang terkenal dengan produksi sumber daya
alamnya seperti minyak gas alam dan batubara","Brunei Darussalam dan Malaysia adalah dua negara anggota ASEAN yang terkenal dengan produksi sumber
daya alamnya seperti minyak, gas alam, dan batubara.","sebutkan dua negara anggota asean yang terkenal dengan produksi sumber daya
alamnya seperti minyak gas alam dan batubara"
negaranegara manakah di asean yang terkenal dengan produksi sumber daya alam seperti minyak gas alam dan batubara,"Dua negara anggota ASEAN yang terkenal dengan produksi sumber daya alam seperti minyak, gas alam, dan batubara adalah Brunei Darussalam dan Malaysia.",negaranegara manakah di asean yang terkenal dengan produksi sumber daya alam seperti minyak gas alam dan batubara
"sebutkan dua negara anggota asean yang memiliki jumlah penduduk terbanyak di
antara negaranegara lainnya",jumlah penduduk terbanyak di antara negara-negara lainnya adalah Indonesia dan Vietnam.,"sebutkan dua negara anggota asean yang memiliki jumlah penduduk terbanyak di
antara negaranegara lainnya"
negaranegara manakah di asean yang memiliki jumlah penduduk terbanyak di antara negaranegara lainnya,Dua negara anggota ASEAN yang memiliki jumlah penduduk terbanyak di antara negara-negara lainnya adalah Indonesia dan Vietnam.,negaranegara manakah di asean yang memiliki jumlah penduduk terbanyak di antara negaranegara lainnya
"apa yang dimaksud dengan asean sociocultural community ascc dan 
bagaimana peranannya dalam memperkuat integrasi sosial dan budaya di kawasan 
asia tenggara","""ASEAN Socio-Cultural Community"" (ASCC) adalah salah satu dari tiga pilar ASEAN yang bertujuan untuk 
memperkuat integrasi sosial dan budaya di kawasan Asia Tenggara melalui kerjasama dalam bidang pendidikan
,budaya, kesehatan, lingkungan hidup, dan lainnya.","apa yang dimaksud dengan asean sociocultural community ascc dan 
bagaimana peranannya dalam memperkuat integrasi sosial dan budaya di kawasan 
asia tenggara"
fungsi apa yang dimiliki oleh asean sociocultural community ascc dalam memperkuat integrasi sosial dan budaya di kawasan asia tenggara,"""ASEAN Socio-Cultural Community"" (ASCC) memiliki fungsi untuk memperkuat integrasi sosial dan budaya di kawasan Asia Tenggara melalui kerjasama dalam bidang pendidikan, budaya, kesehatan, lingkungan hidup, dan lainnya.",fungsi apa yang dimiliki oleh asean sociocultural community ascc dalam memperkuat integrasi sosial dan budaya di kawasan asia tenggara
negara asean mana yang memiliki ibu kota yang bernama naypyidaw,"Myanmar (sebelumnya dikenal sebagai Burma) adalah negara ASEAN yang memiliki ibu kota yang bernama 
Naypyidaw.",negara asean mana yang memiliki ibu kota yang bernama naypyidaw
ibu kota dari negara manakah di asean yang bernama naypyidaw,"Naypyidaw adalah ibu kota dari Myanmar, sebuah negara anggota ASEAN.",ibu kota dari negara manakah di asean yang bernama naypyidaw
"apa yang dimaksud dengan asean plus three dan siapa yang menjadi anggota 
tambahan dalam kerjasama ini","""ASEAN Plus Three"" adalah kerjasama antara ASEAN dan tiga negara mitra strategisnya, yaitu Tiongkok, 
Jepang, dan Korea Selatan.","apa yang dimaksud dengan asean plus three dan siapa yang menjadi anggota 
tambahan dalam kerjasama ini"
"apa yang dimaksud dengan istilah asean plus three dan siapa yang terlibat dalam
kerjasama ini","""ASEAN Plus Three"" adalah kerjasama antara ASEAN dan tiga negara mitra strategisnya, yaitu Tiongkok, Jepang, dan Korea Selatan.","apa yang dimaksud dengan istilah asean plus three dan siapa yang terlibat dalam
kerjasama ini"
"sebutkan dua negara anggota asean yang memiliki hutan hujan tropis terbesar di 
dunia",Indonesia dan Malaysia adalah dua negara anggota ASEAN yang memiliki hutan hujan tropis terbesar di dunia.,"sebutkan dua negara anggota asean yang memiliki hutan hujan tropis terbesar di 
dunia"
negara mana di asean yang memiliki hutan hujan tropis terbesar di dunia,Dua negara anggota ASEAN yang memiliki hutan hujan tropis terbesar di dunia adalah Indonesia dan Malaysia.,negara mana di asean yang memiliki hutan hujan tropis terbesar di dunia
"apa yang dimaksud dengan asean regional forum arf dan apa tujuan 
utamanya","""ASEAN Regional Forum"" (ARF) adalah forum dialog multilateral yang bertujuan untuk mempromosikan dialog 
dan kerjasama dalam mencari solusi atas masalah keamanan regional dan global.","apa yang dimaksud dengan asean regional forum arf dan apa tujuan 
utamanya"
apa fungsi utama dari asean regional forum arf,"""ASEAN Regional Forum"" (ARF) adalah forum dialog multilateral yang bertujuan untuk mempromosikan dialog 
dan kerjasama dalam mencari solusi atas masalah keamanan regional dan global.",apa fungsi utama dari asean regional forum arf
"sebutkan dua negara anggota asean yang memiliki wilayahnya terletak di 
kepulauan nusantara", Indonesia dan Filipina ,"sebutkan dua negara anggota asean yang memiliki wilayahnya terletak di 
kepulauan nusantara"
negaranegara manakah di asean yang wilayahnya terletak di kepulauan nusantara,Dua negara anggota ASEAN yang wilayahnya terletak di Kepulauan Nusantara adalah Indonesia dan Filipina.,negaranegara manakah di asean yang wilayahnya terletak di kepulauan nusantara
negara asean mana yang memiliki julukan land of smiles,"Thailand adalah negara ASEAN yang memiliki julukan ""Land of Smiles"".",negara asean mana yang memiliki julukan land of smiles
negara manakah di asean yang dikenal dengan julukan land of smiles,"Negara ASEAN yang dikenal dengan julukan ""Land of Smiles"" adalah Thailand.",negara manakah di asean yang dikenal dengan julukan land of smiles
apa yang dimaksud dengan asean day dan kapan peringatannya,"""ASEAN Day"" adalah peringatan resmi pembentukan ASEAN yang dirayakan setiap tanggal 8 Agustus.",apa yang dimaksud dengan asean day dan kapan peringatannya
apa makna dan tanggal peringatan asean day,"""ASEAN Day"" adalah peringatan resmi pembentukan ASEAN yang dirayakan setiap tanggal 8 Agustus.",apa makna dan tanggal peringatan asean day
"sebutkan dua negara anggota asean yang memiliki ibu kota yang terletak di 
pulau borneo","Brunei Darussalam dan Malaysia adalah dua negara anggota ASEAN yang memiliki ibu kota yang terletak di 
Pulau Borneo.","sebutkan dua negara anggota asean yang memiliki ibu kota yang terletak di 
pulau borneo"
negaranegara manakah di asean yang memiliki ibu kota terletak di pulau borneo,"Dua negara anggota ASEAN yang memiliki ibu kota terletak di Pulau Borneo adalah Brunei Darussalam 
dan Malaysia.",negaranegara manakah di asean yang memiliki ibu kota terletak di pulau borneo
"sebutkan dua negara anggota asean yang memiliki perbatasan darat dengan 
negaranegara di luar asia tenggara","Myanmar dan Laos adalah dua negara anggota ASEAN yang memiliki perbatasan darat dengan negara-negara 
di luar Asia Tenggara.","sebutkan dua negara anggota asean yang memiliki perbatasan darat dengan 
negaranegara di luar asia tenggara"
"negaranegara manakah di asean yang berbatasan darat dengan negaranegara di luar
 kawasan asia tenggara","Dua negara anggota ASEAN yang berbatasan darat dengan negara-negara di luar kawasan Asia Tenggara 
adalah Myanmar dan Laos.","negaranegara manakah di asean yang berbatasan darat dengan negaranegara di luar
 kawasan asia tenggara"
"apa yang dimaksud dengan asean intergovernmental commission on human 
rights aichr dan apa perannya dalam perlindungan hak asasi manusia di 
kawasan asean","""ASEAN Intergovernmental Commission on Human Rights"" (AICHR) adalah badan resmi ASEAN yang 
bertanggung jawab untuk mempromosikan dan melindungi hak asasi manusia di kawasan ASEAN.","apa yang dimaksud dengan asean intergovernmental commission on human 
rights aichr dan apa perannya dalam perlindungan hak asasi manusia di 
kawasan asean"
"apa fungsi utama dari asean intergovernmental commission on human rights 
aichr dalam menjaga hak asasi manusia di wilayah asean","mempromosikan dan melindungi hak asasi manusia di kawasan ASEAN dengan melakukan berbagai inisiatif, 
seperti advokasi, pemantauan, dan pemberian saran kepada negara-negara anggota ASEAN.","apa fungsi utama dari asean intergovernmental commission on human rights 
aichr dalam menjaga hak asasi manusia di wilayah asean"
negara asean mana yang memiliki julukan pearl of the orient,"Filipina adalah negara ASEAN yang memiliki julukan ""Pearl of the Orient"".",negara asean mana yang memiliki julukan pearl of the orient
mana di antara negaranegara asean yang dikenal dengan julukan pearl of the orient,"Negara ASEAN yang dikenal dengan julukan ""Pearl of the Orient"" adalah Filipina.",mana di antara negaranegara asean yang dikenal dengan julukan pearl of the orient
"apa yang menjadi salah satu isu utama dalam pembicaraan asean saat ini terkait 
dengan perubahan iklim","Salah satu isu utama dalam pembicaraan ASEAN saat ini terkait dengan perubahan iklim adalah mitigasi 
dampak perubahan iklim dan upaya adaptasi di kawasan ASEAN.","apa yang menjadi salah satu isu utama dalam pembicaraan asean saat ini terkait 
dengan perubahan iklim"
"isu utama apa yang sedang dibahas dalam pertemuan asean terkait dengan perubahan 
iklim saat ini","Salah satu isu utama yang sedang dibahas dalam pertemuan ASEAN terkait dengan perubahan iklim adalah 
mitigasi dampak perubahan iklim dan upaya adaptasi di kawasan ASEAN.","isu utama apa yang sedang dibahas dalam pertemuan asean terkait dengan perubahan 
iklim saat ini"
"sebutkan dua negara anggota asean yang memiliki kawasan perairan yang luas di 
laut jawa","Indonesia dan Vietnam adalah dua negara anggota ASEAN yang memiliki kawasan perairan yang luas di Laut 
Jawa.","sebutkan dua negara anggota asean yang memiliki kawasan perairan yang luas di 
laut jawa"
"negaranegara manakah di asean yang memiliki kawasan perairan luas di sekitar
 laut jawa","Dua negara anggota ASEAN yang memiliki kawasan perairan yang luas di sekitar Laut Jawa adalah Indonesia
dan Vietnam.","negaranegara manakah di asean yang memiliki kawasan perairan luas di sekitar
 laut jawa"
di mana asean didirikan,"ASEAN didirikan di Bangkok, Thailand.",di mana asean didirikan
"deklarasi bangkok yang menjadi tonggak pembentukan asean ditandatangani 
di kota mana","Deklarasi Bangkok, yang menjadi tonggak pembentukan ASEAN, ditandatangani di Bangkok, Thailand.","deklarasi bangkok yang menjadi tonggak pembentukan asean ditandatangani 
di kota mana"
apa yang dimaksud asean,"ASEAN adalah singkatan dari Association of Southeast Asian Nations, yang merupakan sebuah organisasi regional yang terdiri dari sepuluh negara di kawasan Asia Tenggara.",apa yang dimaksud asean
asean adalah,"ASEAN adalah singkatan dari Association of Southeast Asian Nations, yang merupakan sebuah organisasi regional yang terdiri dari sepuluh negara di kawasan Asia Tenggara.",asean adalah
apa itu asean,"ASEAN adalah singkatan dari Association of Southeast Asian Nations, yang merupakan sebuah organisasi regional yang terdiri dari sepuluh negara di kawasan Asia Tenggara.",apa itu asean
apakah anda bisa merangkum secara singkat apa yang dimaksud dengan asean,"ASEAN adalah singkatan dari Association of Southeast Asian Nations, yang merupakan sebuah organisasi regional yang terdiri dari sepuluh negara di kawasan Asia Tenggara.",apakah anda bisa merangkum secara singkat apa yang dimaksud dengan asean
berikan definisi singkat untuk asean,"ASEAN adalah singkatan dari Association of Southeast Asian Nations, yang merupakan sebuah organisasi regional yang terdiri dari sepuluh negara di kawasan Asia Tenggara.",berikan definisi singkat untuk asean
apakah anda bisa merangkum secara singkat apa yang dimaksud dengan asean,"ASEAN adalah singkatan dari Association of Southeast Asian Nations, yang merupakan sebuah organisasi regional yang terdiri dari sepuluh negara di kawasan Asia Tenggara.",apakah anda bisa merangkum secara singkat apa yang dimaksud dengan asean
apa yang menjadi tujuan utama dibentuknya asean,"Untuk mempromosikan kerjasama dan solidaritas antara negara-negara di kawasan Asia Tenggara guna mencapai perdamaian, kemakmuran, dan stabilitas di tingkat regional.",apa yang menjadi tujuan utama dibentuknya asean
mengapa negaranegara di asia tenggara memutuskan untuk membentuk asean,"Untuk mempromosikan kerjasama dan solidaritas antara negara-negara di kawasan Asia Tenggara guna mencapai perdamaian, kemakmuran, dan stabilitas di tingkat regional.",mengapa negaranegara di asia tenggara memutuskan untuk membentuk asean
apa yang mendasari pembentukan asean dan apa yang diharapkan dari kerjasama ini,"Untuk mempromosikan kerjasama dan solidaritas antara negara-negara di kawasan Asia Tenggara guna mencapai perdamaian, kemakmuran, dan stabilitas di tingkat regional.",apa yang mendasari pembentukan asean dan apa yang diharapkan dari kerjasama ini
bagaimana proses pengambilan keputusan di dalam asean,"Keputusan diambil melalui berbagai forum dan pertemuan, termasuk KTT ASEAN, pertemuan tingkat menteri, dan pertemuan tingkat pejabat tinggi. Kesepakatan dicapai melalui dialog, negosiasi, dan konsensus di antara negara-negara anggota.",bagaimana proses pengambilan keputusan di dalam asean
apa mekanisme utama yang digunakan asean dalam proses pengambilan keputusan,"Keputusan diambil melalui berbagai forum dan pertemuan, termasuk KTT ASEAN, pertemuan tingkat menteri, dan pertemuan tingkat pejabat tinggi. Kesepakatan dicapai melalui dialog, negosiasi, dan konsensus di antara negara-negara anggota.",apa mekanisme utama yang digunakan asean dalam proses pengambilan keputusan
bagaimana negaranegara anggota asean berinteraksi dalam mengambil keputusan,"Keputusan diambil melalui berbagai forum dan pertemuan, termasuk KTT ASEAN, pertemuan tingkat menteri, dan pertemuan tingkat pejabat tinggi. Kesepakatan dicapai melalui dialog, negosiasi, dan konsensus di antara negara-negara anggota.",bagaimana negaranegara anggota asean berinteraksi dalam mengambil keputusan
apakah ada struktur formal atau forum khusus yang digunakan untuk mengkoordinasikan proses pengambilan keputusan di dalam asean,"Keputusan diambil melalui berbagai forum dan pertemuan, termasuk KTT ASEAN, pertemuan tingkat menteri, dan pertemuan tingkat pejabat tinggi. Kesepakatan dicapai melalui dialog, negosiasi, dan konsensus di antara negara-negara anggota.",apakah ada struktur formal atau forum khusus yang digunakan untuk mengkoordinasikan proses pengambilan keputusan di dalam asean
bagaimana proses diskusi dan negosiasi berlangsung di dalam asean sebelum mencapai kesepakatan,"Keputusan diambil melalui berbagai forum dan pertemuan, termasuk KTT ASEAN, pertemuan tingkat menteri, dan pertemuan tingkat pejabat tinggi. Kesepakatan dicapai melalui dialog, negosiasi, dan konsensus di antara negara-negara anggota.",bagaimana proses diskusi dan negosiasi berlangsung di dalam asean sebelum mencapai kesepakatan
apa peran asean dalam mempromosikan perdamaian dan stabilitas di kawasan asia tenggara,"ASEAN berperan dalam mempromosikan perdamaian dan stabilitas di Asia Tenggara melalui diplomasi preventif, dialog, mediasi, dan kerjasama keamanan regional",apa peran asean dalam mempromosikan perdamaian dan stabilitas di kawasan asia tenggara
bagaimana asean berkontribusi dalam menjaga perdamaian di kawasan asia tenggara,"ASEAN berperan dalam mempromosikan perdamaian dan stabilitas di Asia Tenggara melalui diplomasi preventif, dialog, mediasi, dan kerjasama keamanan regional",bagaimana asean berkontribusi dalam menjaga perdamaian di kawasan asia tenggara
bagaimana asean berperan dalam penyelesaian konflik dan ketegangan di asia tenggara,"ASEAN berperan dalam mempromosikan perdamaian dan stabilitas di Asia Tenggara melalui diplomasi preventif, dialog, mediasi, dan kerjasama keamanan regional",bagaimana asean berperan dalam penyelesaian konflik dan ketegangan di asia tenggara
apa langkah konkret yang diambil asean untuk memperkuat stabilitas politik di antara negaranegara anggotanya,"ASEAN berperan dalam mempromosikan perdamaian dan stabilitas di Asia Tenggara melalui diplomasi preventif, dialog, mediasi, dan kerjasama keamanan regional",apa langkah konkret yang diambil asean untuk memperkuat stabilitas politik di antara negaranegara anggotanya
apa saja isuisu keamanan yang menjadi fokus asean,"Penyelesaian konflik regional, pengelolaan sumber daya alam yang berkelanjutan, penanggulangan terorisme, perdagangan senjata, dan pengelolaan ketegangan maritim di Laut Cina Selatan.",apa saja isuisu keamanan yang menjadi fokus asean
apa saja tantangan keamanan yang paling mendesak yang dihadapi asean saat ini,"Penyelesaian konflik regional, pengelolaan sumber daya alam yang berkelanjutan, penanggulangan terorisme, perdagangan senjata, dan pengelolaan ketegangan maritim di Laut Cina Selatan.",apa saja tantangan keamanan yang paling mendesak yang dihadapi asean saat ini
apa hubungan asean dengan negaranegara di luar kawasan asia tenggara,"Melalui kemitraan, dialog, dan kerjasama dalam berbagai bidang, termasuk politik, ekonomi, dan keamanan",apa hubungan asean dengan negaranegara di luar kawasan asia tenggara
bagaimana asean menjalankan kerjasama keamanan dengan negaranegara di luar kawasan seperti jepang dan australia,"Melalui kemitraan, dialog, dan kerjasama dalam berbagai bidang, termasuk politik, ekonomi, dan keamanan",bagaimana asean menjalankan kerjasama keamanan dengan negaranegara di luar kawasan seperti jepang dan australia
bagaimana asean memperkuat hubungan ekonominya dengan mitra seperti amerika serikat dan tiongkok,"Melalui kemitraan, dialog, dan kerjasama dalam berbagai bidang, termasuk politik, ekonomi, dan keamanan",bagaimana asean memperkuat hubungan ekonominya dengan mitra seperti amerika serikat dan tiongkok
bagaimana asean mengelola konflik antara negara anggotanya,"Melalui pendekatan dialog, mediasi, dan diplomasi preventif, serta dengan mempromosikan prinsip-prinsip non-intervensi dan penyelesaian damai konflik",bagaimana asean mengelola konflik antara negara anggotanya
bagaimana asean memperkuat hubungan ekonominya dengan mitra seperti amerika serikat dan tiongkok,"Melalui pendekatan dialog, mediasi, dan diplomasi preventif, serta dengan mempromosikan prinsip-prinsip non-intervensi dan penyelesaian damai konflik",bagaimana asean memperkuat hubungan ekonominya dengan mitra seperti amerika serikat dan tiongkok
apa yang menjadi pencapaian terbesar asean sejak berdirinya,"Berhasil membangun kerjasama regional yang menghasilkan perdamaian, stabilitas, dan kemajuan ekonomi di kawasan Asia Tenggara",apa yang menjadi pencapaian terbesar asean sejak berdirinya
apakah pencapaian terbesar yang telah dicapai oleh asean sejak organisasi tersebut didirikan,"Berhasil membangun kerjasama regional yang menghasilkan perdamaian, stabilitas, dan kemajuan ekonomi di kawasan Asia Tenggara",apakah pencapaian terbesar yang telah dicapai oleh asean sejak organisasi tersebut didirikan
apa prestasi paling signifikan yang berhasil dicapai oleh asean sejak pembentukannya,"Berhasil membangun kerjasama regional yang menghasilkan perdamaian, stabilitas, dan kemajuan ekonomi di kawasan Asia Tenggara",apa prestasi paling signifikan yang berhasil dicapai oleh asean sejak pembentukannya
apakah ada pencapaian khusus yang dianggap sebagai tonggak penting bagi asean sejak awal berdirinya,"Berhasil membangun kerjasama regional yang menghasilkan perdamaian, stabilitas, dan kemajuan ekonomi di kawasan Asia Tenggara",apakah ada pencapaian khusus yang dianggap sebagai tonggak penting bagi asean sejak awal berdirinya
apakah ada kemajuan spesifik yang dianggap sebagai prestasi terbesar asean sejak pembentukannya,"Berhasil membangun kerjasama regional yang menghasilkan perdamaian, stabilitas, dan kemajuan ekonomi di kawasan Asia Tenggara",apakah ada kemajuan spesifik yang dianggap sebagai prestasi terbesar asean sejak pembentukannya
bagaimana asean memfasilitasi integrasi ekonomi di antara negaranegara anggotanya,"Melalui berbagai inisiatif seperti pembentukan Kawasan Perdagangan Bebas ASEAN (AFTA), pengurangan hambatan perdagangan, harmonisasi regulasi, promosi investasi, dan pembangunan infrastruktur",bagaimana asean memfasilitasi integrasi ekonomi di antara negaranegara anggotanya
bagaimana upaya asean dalam mendorong pertumbuhan ekonomi bersama dan integrasi pasar di antara negaranegara anggotanya,"Melalui berbagai inisiatif seperti pembentukan Kawasan Perdagangan Bebas ASEAN (AFTA), pengurangan hambatan perdagangan, harmonisasi regulasi, promosi investasi, dan pembangunan infrastruktur",bagaimana upaya asean dalam mendorong pertumbuhan ekonomi bersama dan integrasi pasar di antara negaranegara anggotanya
bagaimana asean memperkuat kerjasama ekonominya untuk mencapai integrasi pasar yang lebih mendalam di antara negaranegara anggotanya,"Melalui berbagai inisiatif seperti pembentukan Kawasan Perdagangan Bebas ASEAN (AFTA), pengurangan hambatan perdagangan, harmonisasi regulasi, promosi investasi, dan pembangunan infrastruktur",bagaimana asean memperkuat kerjasama ekonominya untuk mencapai integrasi pasar yang lebih mendalam di antara negaranegara anggotanya
bagaimana mekanisme yang digunakan asean untuk mendorong kerjasama ekonomi dan integrasi pasar di antara negaranegara anggotanya,"Melalui berbagai inisiatif seperti pembentukan Kawasan Perdagangan Bebas ASEAN (AFTA), pengurangan hambatan perdagangan, harmonisasi regulasi, promosi investasi, dan pembangunan infrastruktur",bagaimana mekanisme yang digunakan asean untuk mendorong kerjasama ekonomi dan integrasi pasar di antara negaranegara anggotanya
apa kebijakan asean terkait dengan pengelolaan dan konservasi lingkungan hidup,"Pengelolaan dan konservasi lingkungan hidup, termasuk ASEAN Agreement on Transboundary Haze Pollution untuk mengatasi kabut asap, Rencana Aksi ASEAN untuk Lingkungan Hidup Berkelanjutan, dan ASEAN Framework for Climate Change.",apa kebijakan asean terkait dengan pengelolaan dan konservasi lingkungan hidup
bagaimana asean mengkoordinasikan langkahlangkahnya untuk melindungi dan melestarikan lingkungan hidup di kawasan asia tenggara,"Pengelolaan dan konservasi lingkungan hidup, termasuk ASEAN Agreement on Transboundary Haze Pollution untuk mengatasi kabut asap, Rencana Aksi ASEAN untuk Lingkungan Hidup Berkelanjutan, dan ASEAN Framework for Climate Change.",bagaimana asean mengkoordinasikan langkahlangkahnya untuk melindungi dan melestarikan lingkungan hidup di kawasan asia tenggara
bagaimana asean memperkuat kerjasama regionalnya untuk menghadapi tantangan lingkungan hidup di kawasan asia tenggara,"Pengelolaan dan konservasi lingkungan hidup, termasuk ASEAN Agreement on Transboundary Haze Pollution untuk mengatasi kabut asap, Rencana Aksi ASEAN untuk Lingkungan Hidup Berkelanjutan, dan ASEAN Framework for Climate Change.",bagaimana asean memperkuat kerjasama regionalnya untuk menghadapi tantangan lingkungan hidup di kawasan asia tenggara
apakah kebijakan konkret yang telah diimplementasikan oleh asean dalam upaya pengelolaan dan pelestarian lingkungan hidup di wilayah asia tenggara,"Pengelolaan dan konservasi lingkungan hidup, termasuk ASEAN Agreement on Transboundary Haze Pollution untuk mengatasi kabut asap, Rencana Aksi ASEAN untuk Lingkungan Hidup Berkelanjutan, dan ASEAN Framework for Climate Change.",apakah kebijakan konkret yang telah diimplementasikan oleh asean dalam upaya pengelolaan dan pelestarian lingkungan hidup di wilayah asia tenggara
apa nama negara yang menjadi tuan rumah asean pada tahun ini,Brunei Darussalam,apa nama negara yang menjadi tuan rumah asean pada tahun ini
apa yang menjadi bahasa resmi asean,Bahasa Inggris,apa yang menjadi bahasa resmi asean
apa yang menjadi inisial dari tiga negara pendiri asean,"Indonesia, Thailand, Filipina",apa yang menjadi inisial dari tiga negara pendiri asean
berapa jumlah negara anggota asean yang terletak  di kepulauan,"Ada empat yaitu Indonesia, Filipina, Singapura, Brunei Darussalam",berapa jumlah negara anggota asean yang terletak  di kepulauan
yang menjadi bahasa resmi organisasi asean adalah,Bahasa Inggris,yang menjadi bahasa resmi organisasi asean adalah
anggota negara asean yang terletak di kepulauan,"Indonesia, Filipina, Singapura, Brunei Darussalam",anggota negara asean yang terletak di kepulauan
berapa jumlah negara asean yang menjadi pendiri negara asean," Ada tiga yaitu Indonesia, Thailand, Filipina",berapa jumlah negara asean yang menjadi pendiri negara asean
berapa jumlah negara anggota asean yang terletak di daratan asia,"Ada enam yaitu Malaysia, Thailand, Vietnam, Laos, Kamboja, Myanmar",berapa jumlah negara anggota asean yang terletak di daratan asia
apa saja negara asean yang terletak di daratan asia,"Malaysia, Thailand, Vietnam, Laos, Kamboja, Myanmar",apa saja negara asean yang terletak di daratan asia
apa yang menjadi simbol dari logo asean,"Adalah bundaran yang terbagi menjadi sepuluh bagian, melambangkan kesatuan dan solidaritas antara sepuluh negara anggotanya",apa yang menjadi simbol dari logo asean
apa makna dari logo asean,"Adalah bundaran yang terbagi menjadi sepuluh bagian, melambangkan kesatuan dan solidaritas antara sepuluh negara anggotanya",apa makna dari logo asean
apa yang menjadi moto resmi asean,"One Vision, One Identity, One Community",apa yang menjadi moto resmi asean
apa yang diwakili oleh sepuluh bagian dalam logo asean,Yang diwakili adalah sepuluh negara anggota yang bersatu dalam solidaritas dan kerjasama,apa yang diwakili oleh sepuluh bagian dalam logo asean
siapa yang dianggap sebagai pendiri asean,"Indonesia, Malaysia, Filipina, Singapura, dan Thailand",siapa yang dianggap sebagai pendiri asean
siapa yang menjadi sekertaris jenderal asean saat ini,Lim Jock Hoi,siapa yang menjadi sekertaris jenderal asean saat ini
apa posisi lim jock hoi di organisasi asean,Sekertaris Jenderal ASEAN,apa posisi lim jock hoi di organisasi asean
kantor pusat asean berada di,"Berada di Jakarta, Indonesia.",kantor pusat asean berada di
apa yang dimaksud dengan asean community,"Adalah konsep yang mengacu pada intergrasi politik, ekonomi, dan sosial-budaya antara negara-negara anggota ASEAN",apa yang dimaksud dengan asean community
asean way adalah,Pendekatan unik yang diterapkan oleh ASEAN dalam menjalankan hubungan antarnegara anggotanya.,asean way adalah
apa yang menjadi tujuan utama pembentukan asean economic community aec,Untuk menciptakan kawasan ekonomi yang terintegrasi secara ekonomi di antara negara-negara anggotanya,apa yang menjadi tujuan utama pembentukan asean economic community aec
bagaimana asean merespons tantangan lingkungan seperti perubahan iklim dan polusi,"Melalui pembentukan rencana aksi bersama, memperkuat kerjasama regional, mendorong energi terbarukan, dan mengadakan dialog dengan mitra internasional.",bagaimana asean merespons tantangan lingkungan seperti perubahan iklim dan polusi
apa saja yang menjadi isu utama dalam hubungan asean dengan china,"Sengketa wilayah di Laut Cina Selatan, peningkatan kehadiran militer China, kerjasama ekonomi, dan kerjasama dalam bidang politik dan keamanan regional.",apa saja yang menjadi isu utama dalam hubungan asean dengan china
apa kebijakan asean terkait dengan penyelesaian konflik di myanmar,ASEAN mendorong dialog damai antara pihak yang terlibat serta mendukung upaya-upaya perdamaian dan penyelesaian konflik melalui diplomasi regional dan internasional.,apa kebijakan asean terkait dengan penyelesaian konflik di myanmar
bagaimana asean berperan dalam mempromosikan perdamaian di semenanjung korea,"Melalui upaya diplomasi preventif, dialog, dan kerjasama regional.",bagaimana asean berperan dalam mempromosikan perdamaian di semenanjung korea
bagaimana asean berupaya untuk meningkatkan kesejahteraan sosial di kawasan asia tenggara,"Melalui pembangunan infrastruktur sosial, penanggulangan kemiskinan, aksesibilitas terhadap layanan kesehatan, promosi hak asasi manusia, dan pemberdayaan ekonomi masyarakat.",bagaimana asean berupaya untuk meningkatkan kesejahteraan sosial di kawasan asia tenggara
bagaimana asean berperan dalam memfasilitasi perdamaian di kawasan asia tenggara,"Melalui diplomasi preventif, dialog, mediasi, dan kerjasama regional. ",bagaimana asean berperan dalam memfasilitasi perdamaian di kawasan asia tenggara
bagaimana asean merespons tantangan lingkungan seperti perubahan iklim dan polusi,"Melalui pembentukan rencana aksi bersama, mendorong penggunaan energi terbarukan, memperkuat kerjasama pengelolaan sumber daya alam, menangani polus",bagaimana asean merespons tantangan lingkungan seperti perubahan iklim dan polusi
apa yang menjadi peran asean dalam menangani masalah krisis kemanusiaan di kawasan asia tenggara,"Penyediaan bantuan kemanusiaan, pembentukan mekanisme koordinasi bencana, mendorong kerjasama antar-negara, dan memfasilitasi dialog untuk mencapai solusi damai.",apa yang menjadi peran asean dalam menangani masalah krisis kemanusiaan di kawasan asia tenggara
apa dampak signifikan dari perjanjian kerja sama transpasifik tpp terhadap asean,"Persaingan ekonomi yang lebih ketat, peningkatan akses pasar, tantangan bagi integrasi ASEAN, peluang investasi, dan penyesuaian kebijakan.",apa dampak signifikan dari perjanjian kerja sama transpasifik tpp terhadap asean
apa yang menjadi dampak dari krisis politik di myanmar terhadap asean,"Gangguan terhadap stabilitas regional, tantangan dalam menjaga integritas ASEAN, penurunan kepercayaan publik, dampak ekonomi, dan peningkatan tekanan diplomatik.",apa yang menjadi dampak dari krisis politik di myanmar terhadap asean
apa upaya yang dilakukan asean dalam meningkatkan konektivitas infrastruktur di kawasan,"Master Plan on ASEAN Connectivity (MPAC), Inisiatif-Proyek Tersebar (SPI), pembentukan Koridor Ekonomi Subregional, dan penandatanganan perjanjian kerjasama infrastruktur.",apa upaya yang dilakukan asean dalam meningkatkan konektivitas infrastruktur di kawasan
bagaimana asean memanfaatkan hubungan ekonomi dengan mitra dialog dan observatornya untuk memperkuat kawasan tersebut,"ASEAN memanfaatkan hubungan ekonomi dengan mitra dialog dan observatornya melalui kerjasama perdagangan, investasi, teknologi, dan pengembangan infrastruktur untuk memperkuat kawasan tersebut.",bagaimana asean memanfaatkan hubungan ekonomi dengan mitra dialog dan observatornya untuk memperkuat kawasan tersebut
apa yang menjadi tiga pilar utama dalam asean community,"Tiga pilar utama dalam ASEAN Community adalah: APSC, AEC, dan ASCC.",apa yang menjadi tiga pilar utama dalam asean community
apa nama negara yang memiliki ibukota vientiane dan menjadi anggota asean,Laos,apa nama negara yang memiliki ibukota vientiane dan menjadi anggota asean
berapa jumlah negara anggota asean yang memiliki bahasa melayu sebagai salah satu bahasa resmi,2 Negara,berapa jumlah negara anggota asean yang memiliki bahasa melayu sebagai salah satu bahasa resmi
apa nama negara yang memiliki ibukota bandar seri begawan dan menjadi anggota asean,Brunei Darussalam ,apa nama negara yang memiliki ibukota bandar seri begawan dan menjadi anggota asean
apa nama negara yang memiliki jumlah anggota penduduk terbesar kedua di antara negaranegara anggota asean setelah indonesia,Filipina,apa nama negara yang memiliki jumlah anggota penduduk terbesar kedua di antara negaranegara anggota asean setelah indonesia
berapa jumlah negara anggota asean yang memiliki bentuk pemerintahan monarki,3 Negara,berapa jumlah negara anggota asean yang memiliki bentuk pemerintahan monarki
apa nama negara yang menjadi anggota asean setelah bergabung pada tahun 1999,Laos,apa nama negara yang menjadi anggota asean setelah bergabung pada tahun 1999
berapa jumlah negara anggota asean yang memiliki mata uang rupiah,1 Negara,berapa jumlah negara anggota asean yang memiliki mata uang rupiah
negara mana yang memiliki jumlah anggota penduduk paling sedikit di antara negaranegara anggota asean,Brunei Darussalam ,negara mana yang memiliki jumlah anggota penduduk paling sedikit di antara negaranegara anggota asean
apa nama negara yang berbatasan langsung dengan thailand di sebelah utara,Myanmar,apa nama negara yang berbatasan langsung dengan thailand di sebelah utara
apa nama negara yang memiliki ibukota bangkok dan menjadi anggota asean,Thailand ,apa nama negara yang memiliki ibukota bangkok dan menjadi anggota asean
berapa jumlah negara anggota asean yang berbatasan langsung dengan laos,5 Negara,berapa jumlah negara anggota asean yang berbatasan langsung dengan laos
apa nama negara yang menjadi anggota terbaru asean,Timor Leste ,apa nama negara yang menjadi anggota terbaru asean
negara mana yang memiliki jumlah penduduk terbesar di antara negaranegara anggota asean,Indonesia,negara mana yang memiliki jumlah penduduk terbesar di antara negaranegara anggota asean
negara mana yang menjadi tuan rumah asean summit pada tahun 2023,Thailand ,negara mana yang menjadi tuan rumah asean summit pada tahun 2023
negara mana yang menjadi tuan rumah pertemuan asean pertama,Filipina,negara mana yang menjadi tuan rumah pertemuan asean pertama
berapa jumlah negara anggota asean yang memiliki garis pantai,6 Negara,berapa jumlah negara anggota asean yang memiliki garis pantai
negara mana yang memiliki ekonomi terbesar di antara negaranegara anggota asean,Indonesia,negara mana yang memiliki ekonomi terbesar di antara negaranegara anggota asean
apa nama negara yang menjadi anggota asean dengan luas wilayah terkecil,Singapura ,apa nama negara yang menjadi anggota asean dengan luas wilayah terkecil
tahun berapa seamolec berdiri,Tahun 1997,tahun berapa seamolec berdiri
sebutkan salah satu misi dari seamolec ,Untuk menyediakan layanan pendidikan terbuka yang berkualitas dan berkelanjutan kepada masyarakat Asia Tenggara melalui pemanfaatan teknologi informasi dan komunikasi.,sebutkan salah satu misi dari seamolec 
sebutkan salah satu visi dari seamolec ,Meningkatkan kualitas dan relevansi pendidikan di kawasan Asia Tenggara melalui pendekatan terbuka dan pembelajaran jarak jauh.,sebutkan salah satu visi dari seamolec 
apa dampak positif dari berdirinya seamolec,"Peningkatan aksesibilitas pendidikan, peningkatan kualitas pembelajaran dengan teknologi, dan peningkatan kemampuan profesional guru dan tenaga kependidikan di Asia Tenggara.",apa dampak positif dari berdirinya seamolec
apa yang ditawarkan oleh seamolec,"SEAMOLEC menawarkan pengembangan kurikulum, pelatihan TIK, penelitian pendidikan, bantuan teknis, dan seminar/konferensi untuk meningkatkan pendidikan terbuka dan jarak jauh di Asia Tenggara.",apa yang ditawarkan oleh seamolec
tujuan dari seamolec adalah,"Tujuannya adalah untuk meningkatkan aksesibilitas, kualitas, dan relevansi pendidikan melalui pengembangan dan implementasi teknologi informasi dan komunikasi dalam pembelajaran.",tujuan dari seamolec adalah
untuk apa seamolec didirikan,SEAMOLEC didirikan untuk mempromosikan pendidikan terbuka dan pengembangan profesional di kawasan Asia Tenggara. ,untuk apa seamolec didirikan
berapa lama seamolec berdiri,SEAMOLEC sudah berdiri selama lebih dari 27 tahun,berapa lama seamolec berdiri
apa itu seamolec,SEAMOLEC adalah lembaga regional yang didirikan untuk mempromosikan pendidikan terbuka dan pengembangan profesional di kawasan Asia Tenggara.,apa itu seamolec
seamolec adalah singkatan dari,Southeast Asian Ministers of Education Organization Regional Open Learning Centre. ,seamolec adalah singkatan dari
kapan berdirinya seamolec,1997-03-25 00:00:00,kapan berdirinya seamolec
apa itu asean,ASEAN adalah singkatan dari Association of Southeast Asian Nations,apa itu asean
kapan asean didirikan,sebuah organisasi politik dan ekonomi regional yang terdiri dari sepuluh negara di Asia Tenggara.,kapan asean didirikan
dimana asean didirikan,ASEAN didirikan pada tanggal 8 Agustus 1967,dimana asean didirikan
asean organisasi apa,"Di Bangkok, Thailand",asean organisasi apa
lima negara pendiri asean,"Indonesia, Malaysia, Thailand, Singapura, dan Filipina",lima negara pendiri asean
asean terletak di mana,ASEAN merupakan organisasi internasional yang menaungi negara di kawasan Asia Tenggara,asean terletak di mana
berapakah jumlah negara asean pada awal berdirinya,"ASEAN secara resmi berdiri pada 8 Agustus 1967 di bangkok setelah wakil dari lima negara / pemerintahan
yakni,Indonesia, Malaysia, Thailand, Singapura, dan Filipina",berapakah jumlah negara asean pada awal berdirinya
namanama 11 negara asean,"Indonesia, Malaysia, Thailand, Singapura, Filipina, Brunei Darussalam, Vietnam, Laos, Myanmar, Kamboja, 
dan Timor Leste",namanama 11 negara asean
apa saja negara anggota asean,"Negara-negara anggota ASEAN terdiri dari, Indonesia, Malaysia, Thailand, Singapura, Filipina, Brunei Darussalam, Vietnam, Laos, Myanmar, Kamboja, dan Timor Leste",apa saja negara anggota asean
negara mana di asean yang tidak pernah dijajah,"Negara yang tidak pernah dijajah di ASEAN adalah Thailand. Thailand adalah satu-satunya negara di Asia 
Tenggara yang tidak pernah dijajah oleh kekuatan kolonial Eropa.",negara mana di asean yang tidak pernah dijajah
siapa tokoh indonesia yang berperan penting dalam asean,Salah satu tokoh penting indonesia adalah Soekarno,siapa tokoh indonesia yang berperan penting dalam asean
peran apa yang dimainkan oleh soeharto dalam organisasi asean,"Sebagai Presiden Indonesia dari tahun 1967 hingga 1998, Soeharto memainkan peran kunci dalam menggalang
 persatuan ASEAN dan memperkuat posisi Indonesia di dalamnya. Di bawah kepemimpinannya, Indonesia aktif
 terlibat dalam inisiatif-inisiatif ASEAN dan membantu membentuk identitas dan visi bersama untuk kawasan.",peran apa yang dimainkan oleh soeharto dalam organisasi asean
apakah asean memiliki badan keamanan bersama,"Tidak, ASEAN tidak memiliki badan keamanan bersama seperti NATO di Eropa. Namun, ASEAN memiliki mekanisme kerjasama dalam bidang keamanan seperti ASEAN Regional Forum (ARF) dan ASEAN Defence Ministers' Meeting (ADMM).",apakah asean memiliki badan keamanan bersama
siapa mentri luar negri indonesia yang memiliki peran penting dalam asean,"Ali Alatas adalah diplomat Indonesia yang menjabat sebagai Menteri Luar Negeri dari tahun 1988 hingga 1999. Selama masa jabatannya, ia memainkan peran penting dalam membentuk kebijakan luar negeri Indonesia terkait dengan ASEAN dan membantu memfasilitasi berbagai perundingan dan inisiatif di tingkat regional.",siapa mentri luar negri indonesia yang memiliki peran penting dalam asean
tokohtokoh penting dalam organisasi asean meliput,"Soeharto (Indonesia), Lee Kuan Yew (Singapura), Tun Abdul Razak (Malaysia), Narciso Ramos (Filipina), Thanat Khoman (Thailand), Raja Bhumibol Adulyadej (Thailand), Dian Triansyah Djani (Indonesia), Hasjim Djalal (Indonesia)",tokohtokoh penting dalam organisasi asean meliput
negara asean yang paling padat penduduknya,"Negara ASEAN yang paling padat penduduknya adalah Indonesia. Dengan populasi lebih dari 270 juta jiwa pada tahun 2022, Indonesia adalah negara terpadat di ASEAN dan salah satu negara terpadat di dunia secara keseluruhan. Dengan jumlah penduduk yang besar, Indonesia memiliki tantangan dan peluang unik dalam mengelola pertumbuhan populasi, ekonomi, dan sumber daya manusia untuk mencapai pembangunan yang berkelanjutan.",negara asean yang paling padat penduduknya
negara asean mana yang paling sedikit penduduknya,"Negara ASEAN yang memiliki populasi paling sedikit adalah Brunei Darussalam. Dengan perkiraan populasi sekitar 460.000 jiwa pada tahun 2022, Brunei Darussalam adalah salah satu negara dengan jumlah penduduk terkecil di ASEAN. Meskipun memiliki populasi yang relatif kecil, Brunei Darussalam memiliki tingkat penghasilan per kapita yang tinggi karena sumber daya minyak dan gas alam yang melimpah di negara tersebut.",negara asean mana yang paling sedikit penduduknya
apa yang dimaksud dengan asean way dan mengapa penting,ASEAN Way merujuk pada pendekatan unik yang diadopsi oleh negara-negara anggota ASEAN dalam proses pengambilan keputusan dan pelaksanaan kerjasama regional. Pendekatan ini didasarkan pada sejumlah prinsip inti yang membedakannya dari kerangka kerja multilateral lainnya.,apa yang dimaksud dengan asean way dan mengapa penting
apa tujuan utama pembentukan asean,"Memajukan Pertumbuhan Ekonomi dan Pembangunan, Memajukan Pertumbuhan Ekonomi dan Pembangunan, Membangun Identitas dan Kesatuan ASEAN, Memajukan Kerjasama Politik dan Keamanan, Menjaga Stabilitas Regional, Mempromosikan Kerjasama Regional dan Internasional",apa tujuan utama pembentukan asean
bagaimana asean mengatasi perbedaan budaya di antara negaranegara anggotanya,"Penguatan Identitas dan Kesatuan ASEAN: ASEAN berupaya untuk memperkuat identitas dan kesatuan di antara negara-negara anggotanya, dengan menghargai keragaman budaya, bahasa, dan agama di kawasan tersebut. Ini termasuk promosi budaya ASEAN, festival budaya, dan pertukaran seni dan tradisi.",bagaimana asean mengatasi perbedaan budaya di antara negaranegara anggotanya
apa yang menjadi agenda prioritas asean dalam pertemuan tingkat tinggi,"Agenda prioritas ASEAN dalam pertemuan tingkat tinggi dapat bervariasi tergantung pada kondisi dan kebutuhan yang mendesak di kawasan pada saat itu. Namun, beberapa agenda prioritas yang sering muncul dalam pertemuan tingkat tinggi ASEAN meliputi: 1.Keamanan dan Stabilitas, 2.Integrasi Ekonomi, 3.Kesejahteraan Sosial dan Pembangunan Manusia, 4.Penguatan Kerjasama Regional dan Internasional, 5.Perlindungan Lingkungan dan Pembangunan Berkelanjutan, 6.Ketahanan Terhadap Bencana, 7.Penanganan Pandemi dan Kesehatan Masyarakat . Agenda ini mencerminkan berbagai tantangan dan peluang yang dihadapi oleh kawasan Asia Tenggara, serta kebutuhan untuk kerjasama yang kuat di antara negara-negara anggota untuk mencapai tujuan bersama.",apa yang menjadi agenda prioritas asean dalam pertemuan tingkat tinggi
di mana kantor pusat asean berada,"Kantor pusat ASEAN, yang dikenal sebagai Sekretariat ASEAN, berlokasi di Jakarta, Indonesia. Alamat lengkapnya adalah: Jl. Sisingamangaraja No.70A, RT.4/RW.1, Kebayoran Baru, Jakarta Selatan, DKI Jakarta 12110, Indonesia. Sekretariat ASEAN bertanggung jawab atas koordinasi dan pelaksanaan kegiatan administratif serta mendukung kerja sama di antara negara-negara anggota ASEAN.",di mana kantor pusat asean berada
apa yang menjadi visi asean 2025,"Visi ASEAN 2025 adalah sebuah kerangka kerja yang menguraikan aspirasi jangka panjang ASEAN untuk periode tahun 2016 hingga 2025. Visi ini mencakup empat elemen utama yang disebut ""Tiga Komunitas"" dan ""Agenda Pembangunan Berkelanjutan"": Komunitas Politik-Security ASEAN, Komunitas Ekonomi ASEAN, Komunitas Sosial-Budaya ASEAN, Agenda Pembangunan Berkelanjutan ASEAN.  Visi ASEAN 2025 bertujuan untuk menjadikan ASEAN sebagai kawasan yang lebih kuat, bersatu, dan berdaya saing, serta memperkuat peran kawasan ini dalam tatanan geopolitik dan ekonomi global. Ini mencerminkan komitmen bersama negara-negara anggota ASEAN untuk mencapai tujuan-tujuan jangka panjang yang telah ditetapkan.",apa yang menjadi visi asean 2025
apa nama negara pendiri asean,"Negara pendiri ASEAN adalah Indonesia, Malaysia, Filipina, Singapura, dan Thailand.",apa nama negara pendiri asean
apa yang dimaksud dengan asean community,"ASEAN Community adalah konsep yang menggambarkan visi bersama dari negara-negara anggota ASEAN untuk menciptakan tiga komunitas terintegrasi di bidang politik-keamanan, ekonomi, dan sosial-budaya. Konsep ini merupakan upaya untuk meningkatkan kerjasama dan integrasi di antara negara-negara anggota ASEAN serta memperkuat peran ASEAN dalam kawasan dan di tingkat global.",apa yang dimaksud dengan asean community
ada berapa kominitas dalam asean community,"Ada tiga komunitas dalam ASEAN Community: 1.Komunitas Politik-Security ASEAN, 2.Komunitas Ekonomi ASEAN, 3.Komunitas Sosial-Budaya ASEAN",ada berapa kominitas dalam asean community
apa tujuan komunitas politiksecurity asean,"Komunitas Politik-Security ASEAN: Bertujuan untuk menciptakan kawasan yang damai, stabil, dan terintegrasi di bidang politik dan keamanan. Ini melibatkan kerjasama dalam penyelesaian sengketa, peningkatan ketahanan terhadap ancaman keamanan, dan promosi demokrasi dan hak asasi manusia di kawasan.",apa tujuan komunitas politiksecurity asean
apa tujuan komunitas ekonomi asean,"Komunitas Ekonomi ASEAN: Bertujuan untuk menciptakan kawasan ekonomi yang terintegrasi, berdaya saing, dan berorientasi pada pasar di Asia Tenggara. Ini melibatkan pembangunan infrastruktur, liberalisasi perdagangan, dan harmonisasi kebijakan ekonomi di antara negara-negara anggota.",apa tujuan komunitas ekonomi asean
apa tujuan komunitas sosialbudaya asean,"Komunitas Sosial-Budaya ASEAN: Bertujuan untuk memperkuat identitas dan solidaritas ASEAN serta mempromosikan kerjasama dalam bidang pendidikan, kesehatan, kebudayaan, lingkungan hidup, dan pemberdayaan masyarakat. Ini melibatkan promosi toleransi, keragaman, dan inklusi sosial di kawasan.",apa tujuan komunitas sosialbudaya asean
siapa presiden pertama asean,"Presiden pertama ASEAN adalah Adam Malik, seorang diplomat Indonesia yang menjabat sebagai Ketua Pertemuan Tingkat Tinggi ASEAN pertama yang diadakan pada tanggal 24 Februari 1976 di Bali, Indonesia. Adam Malik memegang peran penting dalam membantu membentuk ASEAN sebagai salah satu arsitek awal organisasi tersebut. Selama masa jabatannya, Adam Malik memainkan peran yang signifikan dalam mempromosikan kerjasama regional di Asia Tenggara dan memperkuat posisi ASEAN di tingkat internasional.",siapa presiden pertama asean
siapakah sekretaris jenderal asean saat ini,"Per 2022, Sekretaris Jenderal ASEAN yang menjabat adalah Dato Lim Jock Hoi dari Brunei Darussalam. Ia telah menjabat sejak Januari 2018. Lim Jock Hoi memiliki latar belakang yang kaya dalam diplomasi dan urusan luar negeri serta telah berkontribusi secara signifikan dalam memperkuat peran ASEAN di tingkat regional dan internasional.",siapakah sekretaris jenderal asean saat ini
apa yang menjadi lambang asean,"Lambang resmi ASEAN adalah ""The ASEAN Emblem"". Emblem ini memiliki makna simbolis yang menggambarkan tujuan dan aspirasi bersama negara-negara anggota ASEAN.",apa yang menjadi lambang asean
apa yang dimaksud dengan asean plus three,"ASEAN Plus Three (APT) adalah forum kerjasama regional yang melibatkan negara-negara anggota ASEAN (Association of Southeast Asian Nations) serta tiga negara mitra strategisnya di Asia Timur, yaitu Tiongkok, Jepang, dan Korea Selatan.",apa yang dimaksud dengan asean plus three
apa tujuan asean plus three,"Tujuan ASEAN Plus Three (APT) adalah meningkatkan kerjasama dan koordinasi di antara negara-negara anggota ASEAN (Association of Southeast Asian Nations) dan tiga negara mitra strategisnya di Asia Timur, yaitu Tiongkok, Jepang, dan Korea Selatan. Forum ini bertujuan untuk memperkuat kerjasama di bidang ekonomi, keuangan, politik, dan keamanan di kawasan Asia Timur.",apa tujuan asean plus three
kapan didirikan asean plus three,ASEAN Plus Three didirikan pada tahun 1997,kapan didirikan asean plus three
siapa saja negaranegara yang terlibat dalam asean plus three,ASEAN Plus Three (APT) melibatkan negara-negara anggota ASEAN (Association of Southeast Asian Nations) dan tiga negara mitra strategisnya di Asia Timur.,siapa saja negaranegara yang terlibat dalam asean plus three
di mana pertemuan pertama asean plus three dilaksanakan,"Pertemuan pertama ASEAN Plus Three dilaksanakan di Bangkok, Thailand.",di mana pertemuan pertama asean plus three dilaksanakan
kapan pertemuan pertama asean plus three dilaksanakan,"Pertemuan pertama ASEAN Plus Three dilaksanakan di Bangkok, Thailand. Pertemuan ini diadakan pada bulan Desember 1997.",kapan pertemuan pertama asean plus three dilaksanakan
apa yang dimaksud dengan asean plus six,"ASEAN Plus Six adalah forum kerjasama regional yang melibatkan negara-negara anggota ASEAN (Association of Southeast Asian Nations) bersama dengan enam mitra dialog ASEAN yang utama. Selain tiga negara mitra strategis ASEAN Plus Three (Tiongkok, Jepang, dan Korea Selatan), ASEAN Plus Six juga melibatkan tiga negara lainnya, yaitu India, Australia, dan Selandia Baru. Ini mencerminkan upaya ASEAN untuk memperluas jaringan kerjasama regionalnya dengan negara-negara lain di luar kawasan Asia Timur.",apa yang dimaksud dengan asean plus six
siapa saja negaranegara yang terlibat dalam asean plus six,"Negara-negara yang terlibat dalam ASEAN Plus Six meliputi:
Negara-negara anggota ASEAN:Brunei Darussalam, Kamboja, Indonesia, Laos, Malaysia, Myanmar, Filipina, Singapura, Thailand, Vietnam
Enam mitra dialog utama ASEAN Plus Six: Tiongkok, Jepang, Korea Selatan, India, Australia ,Selandia Baru
Totalnya, ada 10 negara anggota ASEAN dan 6 negara mitra dialog utama yang terlibat dalam ASEAN Plus Six.",siapa saja negaranegara yang terlibat dalam asean plus six
apa tujuan utama pembentukan asean plus six,"Tujuan utama pembentukan ASEAN Plus Six adalah untuk meningkatkan kerjasama ekonomi, politik, dan keamanan di kawasan Asia-Pasifik.",apa tujuan utama pembentukan asean plus six
apa yang dimaksud dengan asean regional forum arf,ASEAN Regional Forum (ARF) adalah forum dialog multilateral yang didirikan pada tahun 1994 oleh negara-negara anggota ASEAN (Association of Southeast Asian Nations) sebagai platform untuk mempromosikan dialog dan kerjasama dalam mengatasi isu-isu keamanan politik dan keamanan di kawasan Asia-Pasifik.,apa yang dimaksud dengan asean regional forum arf
apa tujuan asean regional forum arf ,"Tujuan utama ARF adalah untuk memfasilitasi dialog dan kerjasama antara negara-negara anggota ASEAN dan mitra-mitra dialognya dalam mengatasi isu-isu keamanan regional, membangun kepercayaan, dan mendorong pemahaman bersama.",apa tujuan asean regional forum arf 
ada berapa negara yang menjadi anggota arf,"Anggota ARF terdiri dari 27 negara, yaitu 10 negara anggota ASEAN dan 17 negara mitra dialog, termasuk Amerika Serikat, Tiongkok, Jepang, Korea Selatan, Rusia, India, Australia, Kanada, Uni Eropa, dan lainnya.",ada berapa negara yang menjadi anggota arf
apa kepanjangan afta,"Kepanjangan dari AFTA adalah ""ASEAN Free Trade Area""",apa kepanjangan afta
apa yang dimaksud dengan asean free trade area afta,ASEAN Free Trade Area (AFTA) adalah sebuah kesepakatan perdagangan yang ditujukan untuk menciptakan wilayah perdagangan bebas di antara negara-negara anggota ASEAN (Association of Southeast Asian Nations).,apa yang dimaksud dengan asean free trade area afta
apa tujuan utama afta ,"Tujuan utama AFTA adalah untuk meningkatkan pertumbuhan ekonomi, memperkuat daya saing kawasan, dan menciptakan lapangan kerja melalui liberalisasi perdagangan di antara negara-negara anggota ASEAN.",apa tujuan utama afta 
kapan di bentuknya asean free trade area afta,ASEAN Free Trade Area (AFTA) secara resmi dibentuk pada tanggal 28 Januari 1992,kapan di bentuknya asean free trade area afta
apa kepanjangan dari ascn,Kepanjangan dari ASCN adalah ASEAN Smart Cities Network.,apa kepanjangan dari ascn
apa yang dimaksud dengan asean smart cities network ascn,ASEAN Smart Cities Network (ASCN) adalah inisiatif yang digagas oleh ASEAN untuk mendorong transformasi perkotaan di kawasan menjadi kota-kota pintar yang berkelanjutan,apa yang dimaksud dengan asean smart cities network ascn
apa tujuan asean smart cities network ascn,"ASCN bertujuan untuk meningkatkan kualitas hidup penduduk kota, memperbaiki pelayanan publik, dan mengintegrasikan teknologi informasi dan komunikasi dalam infrastruktur perkotaan.",apa tujuan asean smart cities network ascn
kapan di bentuknya asean smart cities networkascn,"ASEAN Smart Cities Network (ASCN) resmi dibentuk pada tanggal 28 April 2018, dalam rangkaian KTT ASEAN ke-32 yang diadakan di Singapura.",kapan di bentuknya asean smart cities networkascn
apa yang dimaksud dengan asean agreement on the movement of natural persons,ASEAN Agreement on the Movement of Natural Persons (AAMNP) adalah perjanjian yang disepakati oleh negara-negara anggota ASEAN (Association of Southeast Asian Nations) untuk memfasilitasi pergerakan tenaga kerja di antara negara-negara anggota.,apa yang dimaksud dengan asean agreement on the movement of natural persons
apa tujuan di bentuknya  asean agreement on the movement of natural persons,"ini bertujuan untuk memperluas peluang kerja, memfasilitasi mobilitas tenaga kerja, dan meningkatkan integrasi ekonomi di kawasan ASEAN.",apa tujuan di bentuknya  asean agreement on the movement of natural persons
apa yang dimaksud dengan asean sociocultural community,"ASEAN Socio-Cultural Community (ASCC) adalah salah satu dari tiga pilar utama dalam Komunitas ASEAN yang bertujuan untuk mempromosikan kerjasama dalam bidang sosial, budaya, dan manusia di antara negara-negara anggota ASEAN (Association of Southeast Asian Nations). ASCC berfokus pada membangun masyarakat ASEAN yang bersatu, berdaya, inklusif, berorientasi pada manusia, dan berbudaya.",apa yang dimaksud dengan asean sociocultural community
apa yang dimaksud dengan blueprints asean,"Blueprints ASEAN adalah serangkaian rencana strategis yang disusun oleh ASEAN (Association of Southeast Asian Nations) untuk mengarahkan dan memandu integrasi ekonomi, politik, dan sosial-budaya di kawasan Asia Tenggara.",apa yang dimaksud dengan blueprints asean
apa yang dimaksud dengan asean single aviation market,ASEAN Single Aviation Market (ASAM) adalah inisiatif yang bertujuan untuk menciptakan pasar penerbangan tunggal di kawasan ASEAN (Association of Southeast Asian Nations).,apa yang dimaksud dengan asean single aviation market
kapan asean single aviation market asam di bentuk,"ASEAN Single Aviation Market (ASAM) atau Pasar Penerbangan Tunggal ASEAN diumumkan pada KTT ASEAN ke-28 yang diadakan di Vientiane, Laos pada 6 September 2016.",kapan asean single aviation market asam di bentuk
apa yang dimaksud dengan asean agreement on transboundary haze pollution,ASEAN Agreement on Transboundary Haze Pollution (Perjanjian ASEAN tentang Pencemaran Asap Lintas Batas) adalah sebuah perjanjian yang ditujukan untuk mengatasi masalah pencemaran asap lintas batas yang disebabkan oleh kebakaran hutan dan lahan di kawasan ASEAN (Association of Southeast Asian Nations).,apa yang dimaksud dengan asean agreement on transboundary haze pollution
kapan perjanjian asean agreement on transboundary haze pollution di tandatangani,Perjanjian ini ditandatangani pada tahun 2002 sebagai tanggapan terhadap kebakaran hutan yang sering terjadi di beberapa negara anggota ASEAN,kapan perjanjian asean agreement on transboundary haze pollution di tandatangani
tujuan dari asean agreement on transboundary haze pollution,"Perjanjian ini bertujuan untuk mencegah, mengendalikan, dan merespons pencemaran asap lintas batas yang disebabkan oleh kebakaran hutan dan lahan di kawasan ASEAN.",tujuan dari asean agreement on transboundary haze pollution
apa yang dimaksud dengan asean declaration on environmental sustainability,ASEAN Declaration on Environmental Sustainability (Deklarasi ASEAN tentang Keberlanjutan Lingkungan) adalah sebuah pernyataan resmi untuk menegaskan komitmen mereka terhadap pelestarian lingkungan hidup dan pembangunan berkelanjutan di kawasan tersebut.,apa yang dimaksud dengan asean declaration on environmental sustainability
apa tujuan asean declaration on environmental sustainability,"Deklarasi ini bertujuan untuk memperkuat kerjasama antara negara-negara anggota ASEAN dalam mempromosikan pelestarian lingkungan, konservasi sumber daya alam, dan pembangunan berkelanjutan di kawasan ASEAN.",apa tujuan asean declaration on environmental sustainability
apa yang dimaksud dengan ktt asean,KTT ASEAN adalah singkatan dari Konferensi Tingkat Tinggi ASEAN.,apa yang dimaksud dengan ktt asean
konferensi tingkat tinggi asean membahas tentang apa,"KTT ASEAN merupakan forum utama di mana para pemimpin negara-negara ASEAN berkumpul untuk membahas isu-isu penting yang berkaitan dengan keamanan, ekonomi, sosial, dan politik di kawasan.",konferensi tingkat tinggi asean membahas tentang apa
bagaimana frekuensi diadakannya ktt asean,"Frekuensi diadakannya KTT ASEAN bervariasi tergantung pada kebutuhan dan agenda tertentu. Secara umum, KTT ASEAN diadakan setiap tahun, dengan KTT ke-1 diadakan pada tahun 1976.",bagaimana frekuensi diadakannya ktt asean
siapa yang berpartisipasi dalam ktt asean,"biasanya adalah kepala negara atau pemerintahan negara-negara anggota ASEAN. Selain itu, terdapat juga partisipasi negara-negara mitra dialog ASEAN yang sering diundang dalam pertemuan KTT ASEAN. Nega",siapa yang berpartisipasi dalam ktt asean
apa yang dimaksud dengan inisiatif rencana aksi regional asean tentang perubahan iklim raci,Inisiatif Rencana Aksi Regional ASEAN tentang Perubahan Iklim (RACI) adalah kerangka kerja yang dibuat oleh ASEAN untuk mengatasi tantangan perubahan iklim di kawasan ASEAN.,apa yang dimaksud dengan inisiatif rencana aksi regional asean tentang perubahan iklim raci
apa tujuan dari raci,"RACI bertujuan untuk meningkatkan koordinasi dan kerjasama antara negara-negara anggota ASEAN dalam mengurangi emisi gas rumah kaca, meningkatkan ketahanan terhadap dampak perubahan iklim, serta memperkuat kapasitas adaptasi dan mitigasi perubahan iklim di tingkat regional.",apa tujuan dari raci
apa yang dimaksud dengan asean day,ASEAN Day adalah perayaan yang dirayakan setiap tanggal 8 Agustus untuk memperingati pembentukan ASEAN pada tahun 1967.,apa yang dimaksud dengan asean day
apa yang dimaksud dengan asean center for biodiversity acb,ASEAN Center for Biodiversity (ACB) adalah lembaga yang dibentuk oleh negara-negara anggota ASEAN untuk mengkoordinasikan upaya pelestarian keanekaragaman hayati di kawasan ASEAN.,apa yang dimaksud dengan asean center for biodiversity acb
tujuan dari asean center for biodiversity acb,"ACB bertujuan untuk meningkatkan kesadaran akan pentingnya keanekaragaman hayati, mempromosikan konservasi sumber daya alam, serta memfasilitasi kerjasama antara negara-negara anggota dalam perlindungan dan pengelolaan ekosistem yang rentan.",tujuan dari asean center for biodiversity acb
kapan didirikannya acb,ASEAN Center for Biodiversity (ACB) didirikan pada tanggal 20 Maret 2005,kapan didirikannya acb
lembaga asean center for biodiversity acb bertanggung jawab atas apa,ACB telah beroperasi sebagai lembaga yang bertanggung jawab atas koordinasi pelestarian keanekaragaman hayati di kawasan ASEAN.,lembaga asean center for biodiversity acb bertanggung jawab atas apa
asean center for biodiversity acb berperan dalam,ACB juga berperan dalam menyediakan informasi dan sumber daya teknis bagi negara-negara anggota ASEAN dalam upaya mereka untuk memelihara keanekaragaman hayati di kawasan ini.,asean center for biodiversity acb berperan dalam
dimana didirikannya asean center for biodiversity acb,"Lembaga ini didirikan pada tahun 2005 dan bermarkas di Los Baños, Filipina.",dimana didirikannya asean center for biodiversity acb
apa yang dimaksud dengan asean agreement on disaster management and emergency response aadmer,ASEAN Agreement on Disaster Management and Emergency Response (AADMER) adalah perjanjian regional yang bertujuan untuk memperkuat kerjasama antara negara-negara anggota ASEAN dalam menghadapi bencana alam dan situasi darurat lainnya di kawasan. ,apa yang dimaksud dengan asean agreement on disaster management and emergency response aadmer
kapan asean agreement on disaster management and emergency response aadmer didtandatangani,AADMER ditandatangani pada tahun 2005 dan mulai berlaku pada tahun 2009.,kapan asean agreement on disaster management and emergency response aadmer didtandatangani
apa tujuan  asean agreement on disaster management and emergency response aadmer,"Tujuan AADMER adalah untuk meningkatkan kapasitas mitigasi, tanggap darurat, dan pemulihan pasca-bencana di tingkat regional.",apa tujuan  asean agreement on disaster management and emergency response aadmer
asean agreement on disaster management and emergency response aadmer memberikan landasan hukum untuk,"AADMER memberikan landasan hukum untuk pengembangan rencana aksi nasional dan regional, serta pelaksanaan program-program untuk memperkuat ketahanan terhadap bencana di kawasan ASEAN.",asean agreement on disaster management and emergency response aadmer memberikan landasan hukum untuk
"apa yang dimaksud dengan asean agreement on trade in goods atiga
",ASEAN Agreement on Trade in Goods (ATIGA) adalah perjanjian perdagangan regional yang bertujuan untuk menciptakan pasar tunggal dan wilayah perdagangan bebas di antara negara-negara anggota ASEAN.,"apa yang dimaksud dengan asean agreement on trade in goods atiga
"
asean agreement on trade in goods atiga sebelumnya dikenal sabagai,"ATIGA, sebelumnya dikenal sebagai ASEAN Free Trade Area (AFTA)",asean agreement on trade in goods atiga sebelumnya dikenal sabagai
kapan atiga di tadatangani,ASEAN Agreement on Trade in Goods (ATIGA) sebelumnya dikenal sebagai ASEAN Free Trade Area (AFTA) dan ditandatangani pada 28 Januari 1992.,kapan atiga di tadatangani
kapan mulai berlakunya asean agreement on trade in goods atiga,mulai berlaku pada 1 Januari 1994. ,kapan mulai berlakunya asean agreement on trade in goods atiga
apa tujuan utama atiga,"Tujuan utama ATIGA adalah untuk mengurangi atau menghapuskan tarif bea masuk antar negara-negara anggota ASEAN terhadap barang-barang yang diperdagangkan di kawasan ini. Dengan demikian, ATIGA bertujuan untuk meningkatkan arus perdagangan intra-ASEAN, mendorong investasi, dan memperkuat integrasi ekonomi di kawasan.",apa tujuan utama atiga
asean agreement on trade in goods atiga mencakup ketentuan apa saja,"ATIGA juga mencakup ketentuan-ketentuan terkait dengan fasilitasi perdagangan, standar teknis, hambatan non-tarif, serta kerjasama dalam hal pemberdayaan ekonomi masyarakat dan pengembangan industri di negara-negara anggota ASEAN.",asean agreement on trade in goods atiga mencakup ketentuan apa saja
apa yang dimaksud dengan asean plus three emergency rice reserve apterr,"ASEAN Plus Three Emergency Rice Reserve (APTERR) adalah mekanisme kerjasama regional yang bertujuan untuk meningkatkan ketahanan pangan di kawasan ASEAN Plus Three, yang melibatkan ASEAN serta Tiongkok, Jepang, dan Korea Selatan.",apa yang dimaksud dengan asean plus three emergency rice reserve apterr
kapan didirikan nya asean plus three emergency rice reserve apterr,APTERR didirikan pada tahun 2012 dan merupakan inisiatif yang mengatur pembentukan cadangan beras darurat yang dapat diakses oleh negara-negara anggota dalam situasi krisis pangan.,kapan didirikan nya asean plus three emergency rice reserve apterr
apa tujuan  asean plus three emergency rice reserve apterr,tujuan ASEAN Plus Three Emergency Rice Reserve (APTERR) adalah untuk meningkatkan ketahanan pangan di kawasan ASEAN,apa tujuan  asean plus three emergency rice reserve apterr
apa tujuan asean dalam mewujudkan asean single aviation market asam,"Dengan mewujudkan ASAM, ASEAN bertujuan untuk meningkatkan konektivitas udara di kawasan, mempercepat pertumbuhan ekonomi, meningkatkan mobilitas orang dan barang, serta memperkuat integrasi ekonomi dan sosial di antara negara-negara anggota.",apa tujuan asean dalam mewujudkan asean single aviation market asam
negara asea yang memiliki sistem pemerintahan yang disebut sebagai monarki konstitusional federal adalah,Negara Malaysia,negara asea yang memiliki sistem pemerintahan yang disebut sebagai monarki konstitusional federal adalah
siapa tokoh indonesia yang mengusulkan pembentukan asean,"salah satu tokoh yang paling terkenal dalam mengusulkan pembentukan ASEAN adalah Perdana Menteri Indonesia pada masa itu, yaitu Soekarno.",siapa tokoh indonesia yang mengusulkan pembentukan asean
apa yang dimaksud dengan tac treaty of amity and cooperation asean,"Treaty of Amity and Cooperation (TAC) ASEAN adalah perjanjian yang ditandatangani oleh negara-negara anggota ASEAN pada tanggal 24 Februari 1976 di Bali, Indonesia. Perjanjian ini adalah dokumen hukum penting yang menetapkan prinsip-prinsip dasar dan nilai-nilai yang mengatur hubungan antara negara-negara ASEAN dan dengan negara-negara di luar kawasan.",apa yang dimaksud dengan tac treaty of amity and cooperation asean
kapan tac treaty of amity and cooperation asean di tandatangani,"pada tanggal 24 Februari 1976 di Bali, Indonesia.",kapan tac treaty of amity and cooperation asean di tandatangani
apa yang menjadi alasan utama pembentukan asean,"Secara keseluruhan, pembentukan ASEAN didasari oleh keinginan untuk memelihara perdamaian, meningkatkan kerjasama ekonomi, menjaga kedaulatan, mengatasi tantangan bersama, dan meningkatkan kesejahteraan rakyat di kawasan Asia Tenggara.",apa yang menjadi alasan utama pembentukan asean
apa yang dimaksud dengan asean mutual recognition arrangement mra,ASEAN Mutual Recognition Arrangement (MRA) adalah perjanjian antara negara-negara anggota ASEAN untuk saling mengakui kualifikasi profesional dan sertifikasi yang diberikan oleh otoritas kompeten di negara-negara tersebut.,apa yang dimaksud dengan asean mutual recognition arrangement mra
tujuan dari asean mutual recognition arrangement mra,MRA bertujuan untuk memfasilitasi mobilitas tenaga kerja terampil di antara negara-negara ASEAN dengan menghilangkan hambatan-hambatan terkait pengakuan kualifikasi.,tujuan dari asean mutual recognition arrangement mra
kapan asean mutual recognition arrangement mra pertama kali diusulkan dan diperkenalkan,"ASEAN Mutual Recognition Arrangement (MRA) pertama kali diusulkan dan diperkenalkan pada tahun 1995 dalam Konferensi Tingkat Menteri ASEAN (ASEAN Ministerial Meeting, AMM) yang diadakan di Bangkok, Thailand.",kapan asean mutual recognition arrangement mra pertama kali diusulkan dan diperkenalkan
apa yang dimaksud dengan asean agreement on electronic commerce aaec ,ASEAN Agreement on Electronic Commerce (AAEC) adalah perjanjian yang ditujukan untuk mengatur perdagangan elektronik di antara negara-negara anggota ASEAN.,apa yang dimaksud dengan asean agreement on electronic commerce aaec 
apa tujuan asean agreement on electronic commerce  aaec ,AAEC bertujuan untuk memfasilitasi pertumbuhan perdagangan elektronik di kawasan ASEAN dengan menciptakan kerangka kerja hukum yang jelas dan berkelanjutan.,apa tujuan asean agreement on electronic commerce  aaec 
apa yang menjadi peran penting indonesia dalam pembentukan asean,"Peran penting Indonesia dalam pembentukan ASEAN adalah memimpin inisiatif awal untuk membangun kerjasama regional di Asia Tenggara, membantu merumuskan prinsip-prinsip ASEAN, serta menjadi salah satu negara pendiri dan anggota aktif dalam organisasi ini.",apa yang menjadi peran penting indonesia dalam pembentukan asean
